_id,created_at,description,image,price,title,updated_at
62327010c3149d58544cb63b,2022-02-17 06:36:36,222xxx,Screenshot (1).png,333.03,111sss,2022-02-17 06:29:50
6232701cc3149d58544cb63c,2022-02-17 06:48:48,66,Screenshot (2).png,77,555,0000-00-00 00:00:00
62327027c3149d58544cb63d,2022-02-17 06:59:59,666,Screenshot (3).png,777,555,0000-00-00 00:00:00
62327031c3149d58544cb63e,2022-02-18 06:09:09,410,Screenshot (3).png,155,999,0000-00-00 00:00:00
6232703cc3149d58544cb63f,2022-02-18 06:20:20,555,Screenshot (4).png,666,4444,0000-00-00 00:00:00
623272b2567b1f02b8d171f5,2022-02-17 06:28:50,2223,Screenshot (2).png,333,1111,0000-00-00 00:00:00
623272d3567b1f02b8d171f6,2022-02-17 06:29:23,cccc,Screenshot (2).png,5555,ddd,0000-00-00 00:00:00
62327301567b1f02b8d171f7,2022-02-17 06:30:09,444,Screenshot (4).png,7777,900,0000-00-00 00:00:00
6232730f567b1f02b8d171f8,2022-02-17 06:30:23,oooo,Screenshot (2).png,4000,opoppp,0000-00-00 00:00:00
62327324567b1f02b8d171f9,2022-02-17 06:30:44,sss,Screenshot (1).png,2000,uuuu,0000-00-00 00:00:00
62327333567b1f02b8d171fa,2022-02-17 06:30:59,oooo,Screenshot (4).png,32313,pppp,0000-00-00 00:00:00
62327349567b1f02b8d171fb,2022-02-17 06:31:21,4444,Screenshot (4).png,9999.99,44,0000-00-00 00:00:00
62327359567b1f02b8d171fc,2022-02-17 06:31:37,ccc,Screenshot (4).png,6000,ddd,0000-00-00 00:00:00
62327376567b1f02b8d171fd,2022-02-17 06:32:06,vvv,Screenshot (4).png,600,ttt,0000-00-00 00:00:00